﻿99132193eaa0,2
991a0b7a8c87,2
99240ee00485,2
992599744a23,2
992b9a07b25f,2
996f57c86ba5,2
996f9bba4ef0,2
9985375d709f,2
999115d9386b,2
999ad827ed35,2
99c626e58464,2
99c6a123ed6a,2
99e8bf998285,2
99ecdb41d5e7,2
9a1029536d78,2
9a159d4674cd,2
9a28d4e8aef0,2
9a3109657ac1,2
9a326446c431,2
9a3c03a5ad0f,2
9a496b1e20f9,2
9a4f370d341b,2
9a56cfb980ec,2
9a78c6a7b1c2,2
9a7bd084395e,2
9a94e0316ee3,2
9a9b21215c55,2
9ab18a4a957f,2
9ac2e3e9fca5,2
9ac41b9a809e,2
9ad92f1c1542,2
9ae54843c69a,2
9b093fe95d6b,2
9b0eb9f41da4,2
9b32e8ef0ca0,2
9b418ce42c13,2
9b4fc15df3c8,2
9b57e43b44e7,2
9b70f84400af,2
9b7b6e4db1d5,2
9b95d6203406,2
9ba469af2980,2
9bafbbd152d2,2
9bbb6c455913,2
9bd008aab548,2
9be0683649ff,2
9be71d6d7e59,2
9bf060db8376,2
9c088d2d1559,2
9c14ce27cbfc,2
9c514d2d5b3f,2
9c52b87d01f1,2
9c5dd3612f0c,2
9c6512166557,2
9c72ed6befa0,2
9c893e16c055,2
9cc6b1f9bcbd,2
9ce46d400cd6,2
9cedf5c7016b,2
9cf7c1349673,2
9d1feed37610,2
9d62478042b6,2
9d74428188bb,2
9d75de31f1b8,2
9d98a0b585f2,2
9d9bfefa809c,2
9da74370835a,2
9dab2e6ba44b,2
9de9421f17e3,2
9df31421cdd2,2
9e2058917304,2
9e2a8135f471,2
9e2ba2b979f1,2
9e3510963315,2
9e5737f771c3,2
9e5ec293267c,2
9e7a63b2fc6a,2
9e99ae6ee7af,2
9eaac43744f5,2
9eaf735cf01f,2
9ed666e982cd,2
9ed6c2b25767,2
9f1b14dfa14c,2
9f1efb799b7b,2
9f285b3e57ed,2
9f37c98b8187,2
9f4132bd6ed6,2
9f436886e056,2
9f5a8665cf2e,2
9f8112c710be,2
9f935fb38440,2
9fa02dfb5553,2
9faad91b6578,2
9fab29e69a6b,2
9fefe2b44795,2
a00b4cb250a7,2
a01024054596,2
a015ce4f51ad,2
a01c590c444f,2
a0267206d51e,2
a02dfd67a925,2
a0445785e2f7,2
a04fb36db784,2
a06a63d866b2,2
a06b353e7bed,2
a06e41bd2634,2
a06e5ac695ce,2
a07d571bf7ba,2
a07d9a5045cb,2
a07efb1ecfc0,2
a08a0133754a,2
a0a0cd8af5a6,2
a0adbe677508,2
a0b7ad98df57,2
a0cd7bffdaa0,2
a0d04a19cf40,2
a0e635689259,2
a0fd94e2ad76,2
a11bf2edd470,2
a11c62cb3f86,2
a125377fb985,2
a12ca80bb8c7,2
a14bbd9a583e,2
a14fcf84bfe1,2
a150ff5dfe07,2
a15470303941,2
a15590a7d774,2
a15652b22ab8,2
a1822dd8d05d,2
a182b5b191de,2
a1872f9c0cba,2
a188c60b93fb,2
a19507501b40,2
a19ecd0a706e,2
a1b12fdce6c3,2
a1b28bcbce00,2
a1e236fbc863,2
a1eb88562239,2
a1edf0e66592,2
a1faeb4d5f10,2
a2163f0c2af5,2
a21b37719f9b,2
a247961a5cd9,2
a2696f444ecb,2
a26f50218b84,2
a2811f512c1c,2
a28bfb772f50,2
a2ad3da4c7d6,2
a2b97d98f130,2
a2b995b81692,2
a2d349f567a6,2
a2ddabee14e9,2
a2dff8dbc9f8,2
a30a143a53a3,2
a3132c8828e4,2
a32886cb31ab,2
a32b5ce3d48a,2
a3475dc3ac80,2
a34fc5376669,2
a3706ce27869,2
a3802934bad7,2
a384e688e228,2
a386ec9aabde,2
a3957df90a78,2
a3ad6c2db6f1,2
a3b2e93d058b,2
a3bd2e034614,2
a3d2a0c4cd17,2
a3fcf42ff56d,2
a4012932e18d,2
a419fcb2dfb5,2
a4359815f152,2
a44345b27804,2
a443c4fd489c,2
a45c30da0c72,2
a45d77edf8d9,2
a47432cd41e7,2
a476fd984005,2
a47878630dc2,2
a484bdf85b4c,2
a49b0b4484ea,2
a4b8de38eac1,2
a4d41c495666,2
a4d4b69f7404,2
a4ee03ecff60,2
a505981d1cab,2
a528be013a04,2
a53d6d2472a6,2
a56230242a95,2
a56729de89e9,2
a5a2a7003d60,2
a5bb85afc6e8,2
a5c9a8c726b2,2
a61723fc38c2,2
a627eb8c08c5,2
a62e995f167c,2
a62ea0043aa7,2
a6356a3c5d11,2
a64273801bde,2
a646c084928c,2
a654b25124c3,2
a664d2055886,2
a66c3165876f,2
a673193cd5a9,2
a6731dd737af,2
a688f20f8895,2
a6b6d27c1b32,2
a6c9e96a10d7,2
a6d45de20e4d,2
a70d0f12a641,2
a721efb1e049,2
a73c3d516c59,2
a73d012c4c38,2
a75bab2463d4,2
a76132e79688,2
a763661f98a5,2
a7673ac44509,2
a76b69e443ce,2
a77dbec966d4,2
a77eb914b383,2
a790a3b36390,2
a7b03e58a6e1,2
a7b0d0c51731,2
a7b7dc8788b9,2
a7c10ca6c117,2
a7ec056502e7,2
a804cef3e51f,2
a80dab8eddf4,2
a81b06f50612,2
a821b6ecef33,2
a8263d248523,2
a82a12ad3fb1,2
a8582e346df0,2
a85cda5f725d,2
a86128b601a7,2
a8652b2de23f,2
a86c6283fd78,2
a879c3569552,2
a87f53bc984a,2
a88365134c3c,2
a8854768549f,2
a88f68b0b114,2
a8a6588c8eb7,2
a8aed92940fb,2
a8b3c0961d42,2
a8b637abd96b,2
a8c54e2a4b79,2
a8c950a99107,2
a8c9fcdbc0be,2
a8dea22ef903,2
a8e08e7fe016,2
a8e88d4891c4,2
a8eb35b3bcd2,2
a93f1ea3ff4a,2
a94da3d3b5c0,2
a95858e052d6,2
a95d9d61ddd4,2
a963ac561580,2
a96ff96bbae5,2
a987aa7aac37,2
a9a28c37c8c4,2
a9a3225cf4b5,2
a9b3177f01c0,2
a9bc2f892cb3,2
a9c7b83caf81,2
a9d0c900b6a9,2
a9dc80cba9a4,2
a9e3d186cd1b,2
a9e984b57556,2
aa0afc41ed19,2
aa10a4b2e709,2
aa31bc6b8f4d,2
aa4407aab872,2
aa5ce75edcf5,2
aa60813e1a8d,2
aa6242f9e08c,2
aa6673241154,2
aa841de1ee82,2
aa8a1e814811,2
aa94cc4bfd84,2
aa9b8f05f4bf,2
aa9cfe639ef1,2
aaaadb174012,2
aabd867043cf,2
aad0c0ee9268,2
aae8f9f3ef8c,2
aafb0c944f14,2
aafe980edd0c,2
ab03d50bba2f,2
ab1c20a94f3f,2
ab32db41c409,2
ab3c505b624f,2
ab50123abadb,2
ab653b8554c0,2
ab686895533e,2
ab724603ee93,2
ab78a66dee6a,2
ab7991df166b,2
ab88081e5654,2
aba3063c5413,2
ababe19ed448,2
abbb8791785e,2
abdb365cacbc,2
abe940882578,2
abf09c44d5f4,2
abf0f56c6f12,2
ac0a48ccbf70,2
ac1667fac512,2
ac17cc18a994,2
ac2c814949f9,2
ac5b5dddf91b,2
ac720570dd0f,2
ac81fc200162,2
aca88f566228,2
acc9f29538c4,2
ace2281f00c4,2
ace287a5c991,2
acf976efd7ce,2
ad029ba7fa8b,2
ad12cde115ab,2
ad1aa75d5630,2
ad1f7445b1a8,2
ad20080452de,2
ad2f0b9d059c,2
ad312ca98202,2
ad3fc5076852,2
ad570b850a4f,2
ad6b07d5c338,2
ad93d88c87ea,2
ad944bd56bb6,2
adb56cecafaf,2
add1d681d712,2
addf66a50f42,2
ae1344610ebe,2
ae20112e7a1e,2
ae2c3f6312ef,2
ae2e888905ba,2
ae49cc60f251,2
ae57c8630249,2
ae58ccb5905e,2
ae5d31979f19,2
ae61e19fb766,2
ae8424cdb029,2
ae8472f8d310,2
ae94ce412de9,2
ae975c43bd8b,2
aea59ebec445,2
aeab0a63bcaf,2
aeb6f4fd2eed,2
aebe87a423c8,2
aec51513cf45,2
aeccef0bdc26,2
aed4e743c230,2
aeed1f251ceb,2
aef9016557ca,2
af133a85ea0c,2
af345c68e836,2
af3b0115aad1,2
af5a0bc4e1fa,2
af6166d57f13,2
af6a1508cd95,2
af7a36454670,2
af828dab3ffc,2
af831c158744,2
af87d48ffe01,2
af8aa32beee4,2
afc345cc9145,2
afc744fad65e,2
b019a49787c1,2
b033ab4fb723,2
b05922e7abd3,2
b0619ca93a5f,2
b06dabab4f09,2
b07bc463b718,2
b085caa513a8,2
b086c7cd3868,2
b09101adb478,2
b0acd3593310,2
b0b3b16fc305,2
b0c9a492e068,2
b0cc9f8d06e4,2
b0d35981708b,2
b0d6417bad3e,2
b0eeae01b8ab,2
b0f0fa677d5f,2
b0f8613305a3,2
b10fca20c885,2
b1197f2cc9b3,2
b11dcdcbc8c8,2
b13d72ceea26,2
b16dd4483ca5,2
b17f0b81dab3,2
b187b3c93afb,2
b191ba0a2b12,2
b1b3e7d0a5f3,2
b1c6f0997e27,2
b1f4122fd36a,2
b200c23b299b,2
b21abe5d9722,2
b22354b5f94b,2
b22cc1bf0b8a,2
b2748ac28fc1,2
b294927b14b0,2
b2aaa81cc8f0,2
b2b79b37d314,2
b2b7ccd34cbd,2
b2ffa3e18559,2
b310bd564329,2
b351ae99413a,2
b35cad8fe2d7,2
b376def52ccc,2
b37aae3c8fe1,2
b3819a805dca,2
b3a994760537,2
b3c0c3330278,2
b3d12069e1c5,2
b3d135bd3bb5,2
b3f31c371e59,2
b402b18d99a5,2
b402daa0864c,2
b43440c6ebe4,2
b460ca9fa26f,2
b468ebf5cb11,2
b46b09a45f39,2
b498b84d383f,2
b49b2fac2514,2
b4b04d81acbb,2
b4e15102cd7a,2
b4f41b5bf0ef,2
b50b30aa6e6c,2
b5204c0decc7,2
b532dedd928c,2
b549af91bd30,2
b553e7909535,2
b55d2ddb3e75,2
b56340f472d2,2
b574d229ec4c,2
b576c5269ad1,2
b5834ee64541,2
b598bc9753c2,2
b5a3ca5c0a80,2
b5b913358b32,2
b5bf7b84fc66,2
b5c80d0ed0ff,2
b5e6ae31493c,2
b60dbf9f0744,2
b6304c545f95,2
b640e3bdff75,2
b64e1eef3d63,2
b65ff67743b2,2
b665041e1633,2
b66f23ffa730,2
b67ae80f7eba,2
b69c224edd6e,2
b6a0e348a01e,2
b6bf847fbcb2,2
b6bfe9db60e5,2
b6d9974443ce,2
b6fd109b1bc9,2
b70cb31b9abb,2
b70e7c26f51e,2
b71428739d4e,2
b7278b4f2448,2
b72a86d61959,2
b72f59b85f7c,2
b73d0bcd3d33,2
b746a6681ba9,2
b74de20d73de,2
b759cbef90c5,2
b762c29cf2f3,2
b77b88926843,2
b77b8a1f09f1,2
b7983cb3f270,2
b7a1bb106051,2
b7aca95b97b9,2
b7bd4a6627b6,2
b7ce561a7328,2
b7e0f95353f2,2
b7f0bc7d399e,2
b8297a2291f5,2
b82d5f1f1145,2
b82dfa63a75f,2
b835b6e31a59,2
b83a6eca125f,2
b842b43cb7fb,2
b86fb2d5be1a,2
b87f9c59748b,2
b89938407ee6,2
b8ac328009e0,2
b8dab47a260e,2
b8e20c076b03,2
b8e9a8f4617d,2
b8ebedd382de,2
b8f1b30877db,2
b8fb9f55cd6d,2
b90bc89ce8d8,2
b9127e38d9b9,2
b91ef82e723a,2
b927a9238434,2
b92eacd1392a,2
b94c58d063bf,2
b9519abce0c1,2
b95d4dd8e5e2,2
b960142a8de7,2
b963a11638f2,2
b96b518596b3,2
b98f77098b9d,2
b99794a0beed,2
b99afe7137fb,2
b99c825b93c5,2
b9b6ee2b9453,2
b9b99dad668d,2
b9bc81fcb075,2
b9c7c5182075,2
b9d0b83d70c3,2
b9fe7da14a32,2
ba0107fb1bfd,2
ba08cee68c71,2
ba25f947f4ec,2
ba2624883599,2
ba2ea9182090,2
ba4d2c4b3039,2
ba4e62c11cc0,2
ba735b286d62,2
baaca2f7e1f0,2
bab776139279,2
bac1744955c2,2
bacfa2b8e706,2
bacfb1029f6b,2
badb5ff8d3c7,2
bb08949dd70a,2
bb11db08584a,2
bb2f89488ecd,2
bb45257258cc,2
bb5083fae98f,2
bb733062f494,2
bb752b179751,2
bb783d8e496f,2
bb7e0a2544cd,2
bb85097857fa,2
bb9a3d835a94,2
bba38f2294a3,2
bc23f74e14dd,2
bc34ed91c9bc,2
bc34f52c37c7,2
bc73ce76ec43,2
bc7bf19b84e3,2
bc8c6a778cde,2
bc92a61a1f9c,2
bca2bdc15fc5,2
bcb0498ed2c1,2
bcc762618e7d,2
bcd503c726ba,2
bcdc8db5423b,2
bd06028eb7dd,2
bd269a1f0e4d,2
bd34a0639575,2
bd375ba756b1,2
bd500a73beae,2
bd5013540a13,2
bd9904495ccd,2
bda7ff3b1562,2
bda8c973b09d,2
bda91b76095b,2
bdb98063fe84,2
bdc6c60e9133,2
bde1063a5dd7,2
bdf47b9f10c4,2
bdff5d8bddf8,2
be161517d3ac,2
be197b663520,2
be21d8b60e2a,2
be3a7d9e981e,2
be521870a0ea,2
be68322c7223,2
be6cbf6e5b10,2
be7bc89f5fec,2
be7f791a7877,2
be8697eb2078,2
beb00fa6e7c9,2
beb2ad14fd2d,2
bebb3f167654,2
bebfbd907cac,2
bec0acd539b2,2
bed8296c8dfe,2
beeca5f14618,2
bf18ff30a8f6,2
bf1b7e21e774,2
bf6cbccacf39,2
bf7047dc683c,2
bf7221a016b5,2
bf7b4eae7ad0,2
bf8092e4001d,2
bf811911acf9,2
bf87aedf2489,2
bf9cba745efc,2
bfa30ebf63a8,2
bfaa0080ab61,2
bfb578c0e8d8,2
bfd5c0e55420,2
bfda2fd0533a,2
bfdee9be1f1d,2
bfe467b7e997,2
bfefa7344e7d,2
bff51afc76d4,2
bffca6eeb2bf,2
c013e869acce,2
c01eae4b4939,2
c0202976c670,2
c027e5482e8c,2
c05b7b4c22fe,2
c06024f05a16,2
c096131ad065,2
c0968d41eb93,2
c0a0828e01b4,2
c0a117de7d0a,2
c0e15e8e2b46,2
c0e509786f7f,2
c0f15fe3b4b7,2
c102db7634d8,2
c12e9ca420a5,2
c1437a7a52c9,2
c1799a6f5c65,2
c1819db0aece,2
c1896142a20a,2
c18a006f7f1d,2
c1c8550508e0,2
c1e6fa1ad314,2
c1ebe785503a,2
c21eb81de9fc,2
c23ff6dcf15e,2
c24bcf7a1bc4,2
c252da9b41d8,2
c25e02b39c01,2
c261b1aaa828,2
c26f98f58350,2
c280730cc211,2
c2a58b2cfd0b,2
c2d2b4f536da,2
c2f3281cf528,2
c31651ea04c6,2
c334f8688b77,2
c365c598ad4e,2
c373b73a80c8,2
c3789c1dab96,2
c38dec54a9f7,2
c3a82acb7d7a,2
c3aa424eff9a,2
c3acf47700ea,2
c3b15bf9b4bc,2
c3c8fdda50c0,2
c3cd0200df79,2
c3d12a23f451,2
c3e02d4a1798,2
c406325360b1,2
c40976189f22,2
c446985355f1,2
c48ae5da188e,2
c4a8f2fcf6e8,2
c4aef0d88d1b,2
c4e8b1ec8893,2
c52bb7343387,2
c5431b81cbc9,2
c546670d9684,2
c561bcd519e9,2
c56293f53191,2
c568e5245ea5,2
c56e65f74187,2
c57c164bca05,2
c58971bcebb2,2
c58e5c0c5b33,2
c597ef460944,2
c5a0e84e955d,2
c5a6f432a1ec,2
c5a9ebef1517,2
c5ad60521f8c,2
c5b58cc992af,2
c5ba9e455d5e,2
c5bec7f1e5f3,2
c5e238aa18be,2
c613db1cab27,2
c6229222bf22,2
c62585bd68fb,2
c62cef02efa2,2
c639d837f5e4,2
c64c0966b4cf,2
c67117c6ab3b,2
c68dfa021d62,2
c6916bc42016,2
c6a145742708,2
c6a2975228af,2
c6a8f8f998a2,2
c6c2bad91f23,2
c6d4e4a3bd4c,2
c6e1e9fbf39b,2
c6f5b5b5be41,2
c704bd669f36,2
c70d09370109,2
c739ff9580d3,2
c73c5f6ef664,2
c755a0c4edcc,2
c76664770c07,2
c7b622ec8104,2
c7c0470bcf87,2
c7c3d363bc86,2
c7d0deb71576,2
c7e827fc7f41,2
c80b0f27541a,2
c80f79579fed,2
c81c6911f5e0,2
c85b79d70079,2
c87493ed320c,2
c8823cdaf7fa,2
c8905b8d5cf1,2
c8a3eb9a5b52,2
c8d2d32f7f29,2
c8fc0df22999,2
c90c6b94cf40,2
c947bb6cf9f6,2
c9485c38fdd5,2
c94f37085d0f,2
c96f743915b5,2
c97472ef2c66,2
c98f623d08d1,2
c9c563864ab1,2
c9d42d7534e0,2
c9e697117f3f,2
c9ea9d5eab65,2
c9f0dc2c8b43,2
ca05f7e7801b,2
ca0f1a17c8e5,2
ca1036496659,2
ca25745942b0,2
ca2b54b95ade,2
ca30a97e9d13,2
ca360bec5851,2
ca63fe4f4b52,2
ca6842bfcbc9,2
ca7140ecf389,2
ca7570c5925c,2
ca7f5caddf96,2
ca891d37a43c,2
ca9c912ebad7,2
cab3dfa7962d,2
cac40227d3b2,2
cac80797770f,2
cad5b1a82e60,2
cadde4030858,2
cae33655ca00,2
cae51154e1ce,2
caec68f11c86,2
cb02bb47fdc5,2
cb0cc98d7e35,2
cb2201c226d6,2
cb28adab4e8a,2
cb2f3c5d71a7,2
cb39761f0712,2
cb547e723a16,2
cb602182cde3,2
cb68fce07789,2
cb75210abebe,2
cbc23af521f3,2
cbc2e57447c2,2
cbd0870aa933,2
cbe633765ea7,2
cbf0394039f8,2
cc12453ea915,2
cc1eebed9276,2
cc3d2e961768,2
cc671a73e1cb,2
cc839823755b,2
cc9270f06b65,2
cc964bf04dbc,2
cca626a0e19a,2
ccd34029493d,2
ccd6dcb2f568,2
ccea49708830,2
cd01672507c9,2
cd01f4f83336,2
cd1c98ec48b1,2
cd29c88c9e36,2
cd314653a4d8,2
cd3fd04d72f5,2
cd45bfa07d41,2
cd48cfab4e44,2
cd4e7f9fa1a9,2
cd54d022e37d,2
cd563556cb57,2
cd5714db652d,2
cd66754e1b3b,2
cd8da43e3069,2
cd93a472e5cd,2
cd941e5bc659,2
cd972e5639e0,2
cd9e2190c73f,2
ce207b69ff37,2
ce6f33a81ad5,2
ce754234d760,2
ce887b196c23,2
ce8d2efd9d4f,2
ceaa5803d780,2
ceb32a193eff,2
ceb601fe8dba,2
cec299c2a2d5,2
cf0575534cec,2
cf0824f53dd9,2
cf1b9d26d38d,2
cf603a9ef2d5,2
cf6551521a35,2
cf8ae5501bd6,2
cf8f1bc7a215,2
cfb17a7cc8d4,2
cfd1bd0fcbb4,2
cfdbaef73a8b,2
cfed7c1172ec,2
cff262ed8f4c,2
cffc50047828,2
d0079cc188e9,2
d02b79fc3200,2
d035c2bd9104,2
d06ccd0cf4b8,2
d0926ed2c8e5,2
d0b132d2c7ec,2
d0d59ed675b5,2
d0ffa0425ef1,2
d10d315f123f,2
d10ef306996b,2
d141728fa392,2
d144144a2f3f,2
d15ca3469b87,2
d160ebef4117,2
d16398c971e9,2
d16e39b9d6f0,2
d16e59a2b33a,2
d18aea8238a0,2
d18b1d8ac4de,2
d18e5b68f6d2,2
d18f6431ebce,2
d1a24527a15d,2
d1a60c3b9fe5,2
d1afdb8cf70d,2
d1b279cc02ae,2
d1ca85af57c9,2
d1cad012a254,2
d1cf31577a59,2
d1f1ea894da1,2
d1f7ea924a01,2
d1fa0f744620,2
d1fb4efb117c,2
d25b8a8ad3c4,2
d264396d8d1a,2
d26bb2ed6e71,2
d26bc6e1230d,2
d271d3a2b552,2
d27ac9e54901,2
d28bd830c171,2
d2901144070c,2
d29096bd94aa,2
d29b37d110f3,2
d2afca74cbc3,2
d2c2f02bb313,2
d2c5fb82fe5f,2
d2c6b99ef62c,2
d2cd47ed2c1d,2
d2d523e9f669,2
d2dc86021c67,2
d2fb715b0c41,2
d2ffe9287dc7,2
d30d079e6f9a,2
d332d7b8a26e,2
d364423ec6f9,2
d38cf0f4a9af,2
d39752cb6e57,2
d3be5346684b,2
d3d578fe433f,2
d3de0d313d61,2
d3dfd0a2dee6,2
d3e56584a481,2
d3e884109b45,2
d41b33fcb94f,2
d436c06f0490,2
d4583e9525dc,2
d473f6fafba0,2
d48178e4a49b,2
d4bc001f7224,2
d4be0403e6ab,2
d4f32b9c07df,2
d516f77d4516,2
d51b3fe0fa1b,2
d51c2153d151,2
d51e5d7484ea,2
d567a1a22d33,2
d56d32a1d62d,2
d57d1be1bbd1,2
d5a39339ff3d,2
d5ad3362424c,2
d5b4705ac2ee,2
d5c63a8d9e94,2
d6130f2ec903,2
d6228d951958,2
d6283ded6aea,2
d659d7fd5ccf,2
d667af5742f6,2
d66b6f333dc7,2
d66ccb75ada1,2
d67374d3fa2a,2
d6803e467592,2
d69698f838db,2
d6b109c82067,2
d6dbb0820ea5,2
d6df4fe492ec,2
d6e26fe51dce,2
d6f36ec5564a,2
d6f6bdfd8011,2
d7078e8b0349,2
d74ccc796517,2
d774692d9919,2
d78b7401096f,2
d7a01fca9838,2
d7ab5c040294,2
d7ac4a0c9760,2
d7bc00091cfc,2
d7bc62d60e8c,2
d7e5fe5245e0,2
d801c0a66738,2
d803598dabda,2
d807c53c1399,2
d81338217fc5,2
d81b6ed83bc2,2
d838d5b9f571,2
d83c3efade75,2
d83d0695e215,2
d8404680bba6,2
d844a7252f4e,2
d85588ff2ebd,2
d85a842d20bd,2
d85d052900b4,2
d85ea1220a03,2
d865997a6280,2
d866c26d76f0,2
d868acdccb5b,2
d871895742b1,2
d881c04f01fe,2
d88806d9ece9,2
d88c4843aec3,2
d8cdb7d7283a,2
d8da9de62743,2
d911dd40c63b,2
d91273efb92a,2
d91635f380b4,2
d9311f7497cb,2
d93b61dc8f64,2
d94e10f42861,2
d952dbfb0fe4,2
d95959798b57,2
d968a983d4d2,2
d97911a32918,2
d990a3f0cbdb,2
d994203deb64,2
d99b0f7dd9b9,2
d99dd99be001,2
d9a475dfe59a,2
d9ad2a0ec026,2
d9ba044671e1,2
d9bbdc33db83,2
d9c9b9786da3,2
d9d2631f043c,2
d9e58e4d8689,2
da0a1043abf7,2
da0a83f074f3,2
da1fb35f5df9,2
da2bdf4236ac,2
da3a2275c850,2
da44f80b422b,2
da6389d129aa,2
da6bbb76d562,2
da8900ac7f29,2
da9262d9f5d9,2
da949aa67a4f,2
da9574d35b82,2
da9fe02dead3,2
daad7b617f21,2
dad71ba27a9b,2
daeaa5d8cf70,2
daff5427c9b2,2
db3cd58aa315,2
db49cdf1ea64,2
db4ed1e07aa3,2
db52626d450c,2
db6207e62c7b,2
db690e2d02f8,2
dbb2c63f6f08,2
dbd062558b81,2
dbee04ae6426,2
dbfd238b3468,2
dc0eea0b68a7,2
dc0f6e5b489b,2
dc3c0d8ee20b,2
dc6fa1b38b83,2
