﻿dcc6c0ad5cad,3
dccdf750c962,3
dce73d90c00c,3
dcf109df1a2b,3
dd02d60bef14,3
dd110d2b8c21,3
dd19428c3d29,3
dd285d9e97fe,3
dd3176bacfe2,3
dd3dad6ca78f,3
dd90c321d7bc,3
ddb222ff7c1d,3
dde43aa22ae6,3
de16416220de,3
de18071c36e6,3
de2eb5c8aa83,3
de38adaae009,3
de4cdabbce6d,3
de50dfa745f8,3
de55ed25e0e8,3
de57c9e9fa93,3
de6210f88536,3
de730033c683,3
de778495a1cd,3
dea7538bb91a,3
dec5595e6154,3
dee1031a76ae,3
dee31065f8fe,3
dee687c6e88a,3
df0886f1e76b,3
df3adfd6ba36,3
df4913ca3712,3
df4aec4a0eaf,3
df5ce3ea7820,3
df6d13d04da1,3
df8365d6ac33,3
df841a0440d8,3
df84e7113003,3
df9cb3729eb1,3
dfc7ec7db0e0,3
dfea19863428,3
e019b3e0f33d,3
e01b7bac822b,3
e0313be77035,3
e037643244b7,3
e03a74e7d74f,3
e03e70bc8bba,3
e04f3c6619a3,3
e067b06fd655,3
e06cccc08c59,3
e06d3d4733f0,3
e07045d7c5f7,3
e0863b353093,3
e087bd4b88f2,3
e0b5a982a018,3
e0d229db881a,3
e10190a9d52f,3
e12b67835e03,3
e12d41e7b221,3
e12df54e0d1e,3
e12f9f19d1be,3
e13412678eff,3
e135d7ba9a0e,3
e1418d28d668,3
e150935f66a6,3
e160a3b19911,3
e16af45285e5,3
e16fc934069f,3
e17507a4a1f5,3
e1900014dabf,3
e19936582c61,3
e1ab92228e60,3
e1b8acb1cea1,3
e1c02f6c3362,3
e1dc02a3dc2a,3
e1e490773462,3
e1fb532f55df,3
e2161692a0b4,3
e2265c383348,3
e229aca862c7,3
e23add229074,3
e246cd89e1cc,3
e251bdf05b85,3
e25ccfe38e44,3
e265c870f9b3,3
e26bcae6c67b,3
e26d8718ca58,3
e2856afe62c5,3
e29e54ff921e,3
e2a233493b90,3
e2a47a74e6e1,3
e2c39ed0c941,3
e2c3b037413b,3
e2ec22b3d07e,3
e30a890600e1,3
e31c42a8652b,3
e322acd46152,3
e32a359be36d,3
e32dc722eca5,3
e33766353db2,3
e34fa07bd64d,3
e387311a840e,3
e38f3a65b02b,3
e39b627cf648,3
e3a7671f787b,3
e3ab63dc9a60,3
e3b47ed5b511,3
e3cd96cb094c,3
e3e490babc0c,3
e3ec668f6fad,3
e4151feb8443,3
e4210e7fe587,3
e42d9a94a66d,3
e4730ddde408,3
e47452069ea1,3
e47770a2e5d1,3
e499434242cc,3
e4a44f9158dc,3
e4ae1ee6aada,3
e4b0df29b96f,3
e4c799738a19,3
e4d3d437b0a8,3
e4dcca36ceb4,3
e4e343eaae2a,3
e4f12411fd85,3
e50b0174690d,3
e5197d77ec68,3
e529c5757d64,3
e52ed5c29c5e,3
e540d2e35d15,3
e55188915f9d,3
e580676516b0,3
e582e56e7942,3
e594c19e2e1d,3
e599151ca14b,3
e59c5f345bb0,3
e5d56f4f359b,3
e5de79795c1d,3
e5f332efcbc7,3
e5f73f2855c0,3
e60e4edb3ca9,3
e62490b7d0e9,3
e632e38fd2d4,3
e6552b7432b3,3
e65a2ff90494,3
e65f94ad9be3,3
e663c6627a95,3
e66855a5c583,3
e66ad813a508,3
e68746d426b2,3
e68bdd36e589,3
e69b48516577,3
e6a58edc5b42,3
e6a5e4718873,3
e6a6acf7fca1,3
e6f0ce5bf282,3
e724866f5084,3
e7291472109b,3
e740af6ac6ea,3
e756495c11cb,3
e7578d8dba72,3
e76a9cbb2a8c,3
e77a93c3d9a9,3
e79e10907295,3
e7a372a1c3a4,3
e7a7187066ad,3
e7b5dd5bab1f,3
e7d2c2c3b30f,3
e7defafeb957,3
e7fc93ac5b6d,3
e811f39a1243,3
e81f4a2fbbdc,3
e821c1b6417a,3
e82232a3c28b,3
e83d315d8f98,3
e85d410d6836,3
e868c3da340b,3
e893e86dde94,3
e8d1c6c07cf2,3
e8ddfc9709ce,3
e8e44b3160e3,3
e907d23cce3d,3
e9129ce55fd7,3
e9286ddf6ffe,3
e933923aab15,3
e93394175a19,3
e96099b961b4,3
e966850247f4,3
e9678824215d,3
e96bd80a8a53,3
e97ecf4355cb,3
e9ab8413e771,3
e9ce5bf645ab,3
