﻿e9f3c85a2a02,4
e9f82b5bbaf4,4
e9faf0296643,4
e9ff9352ccb3,4
ea05c22d92e9,4
ea15a290eb96,4
ea1d045f9fea,4
ea4ce9516144,4
ea4dcb055139,4
ea588d1e5d96,4
ea5c42a78979,4
ea68b58a6e8f,4
ea6a53e54d0f,4
ea7e21bab610,4
ea9c41e1ced0,4
ea9e0fb6fb0b,4
eaa0dfbd5024,4
eabc7c716255,4
eabf421f94d0,4
ead23cc922ed,4
eadc57064154,4
eadfc8809ec8,4
eae70f527755,4
eae901557a84,4
eb050765b323,4
eb175669d789,4
eb1ad14dd281,4
eb1d37b71fd1,4
eb32a815f78c,4
eb6b1f1c09db,4
eba3acc42197,4
ebd96d853918,4
ebe0175e530c,4
ebf4b22240f4,4
ec01f0862669,4
ec0c9f817b03,4
ec363f48867b,4
ec4649213ccf,4
ec57cc20d776,4
ec6659926105,4
ec6f1797a25a,4
ecad6845f630,4
ecb4500285ed,4
ed246ae1ed08,4
ed2c06fcc573,4
ed2c52c14493,4
ed2ef440d22c,4
ed3a0fc5b546,4
ed3ce1674761,4
ed648b9bcd95,4
ed6704e3b72e,4
ed6bd9293a89,4
ed88faaa325a,4
eda1d75cbcf0,4
eda29a9d78f3,4
edceb0657d77,4
ee02294cc3d9,4
ee059945b08a,4
ee1ec90b980f,4
ee2c2a5f7d0e,4
ee36ca728641,4
ee3f5cf52188,4
ee3fe7809e6a,4
ee6e39319b39,4
ee74c3b177e0,4
ee77763a6afb,4
ee78ce914066,4
eeaea2c5ff34,4
eeb231c3ef1f,4
eebd1e195952,4
eed4afc8ec83,4
eedae6b28f96,4
ef247f28004f,4
ef26625121b3,4
ef4121e9bb67,4
ef476be214d4,4
ef48780f5d5f,4
ef5155990874,4
ef7a4ed8d5d1,4
ef7eb85b75fc,4
ef8109305128,4
ef81cd8854cb,4
ef8c39eb9157,4
ef99c499d665,4
efff2f1a35f5,4
f002ce614c59,4
f0098e9d4aee,4
f00ce9b9d6f4,4
f02057c41256,4
f025f33b2c9b,4
f0267c42907c,4
f02956bd7c50,4
f02babb3a023,4
f03d3c4ce7fb,4
f0546a45ef10,4
f066db7a2efe,4
f06e7a9df795,4
f0800723bc63,4
f080a22008be,4
f0860c21533b,4
f092febbf5c0,4
f09cfc6a4dbd,4
f09fd9433dff,4
f0a2dc580009,4
f0c0f7b5e820,4
f0c13be90519,4
f0e1201b5c1f,4
f0f89314e860,4
f18abfa690ab,4
f1979147aad4,4
f1a761c68559,4
f1d719c97838,4
f1dc26c4bfa3,4
f2094a20b275,4
f233638e0e90,4
f23902998c21,4
f252046c0fe6,4
f26b02ead915,4
f298b7d05958,4
f2c0b41acd05,4
f2d2a0c92034,4
f2ee81781411,4
f2f569a64949,4
f30f203ef51e,4
f35d80bb1a22,4
f361060eda3e,4
f366fb1cc475,4
f36cb007a1ef,4
f3a268d2726d,4
f3a4751af42e,4
f3a88d3026dc,4
f3b27ac2d371,4
f3b6b7ca1eb1,4
f3bb996b45ce,4
f3cd489acbee,4
f42b693a9414,4
f431f2e119d7,4
f451eee2b66b,4
f45f1485c940,4
f460608cf4cc,4
f47a2a4a0411,4
f481f76a6b75,4
f48241b0c995,4
f4874247ede6,4
f4c7ae514c54,4
f4d3169b468a,4
f4d3777f2710,4
f4de9620e3f2,4
f4df3d86688d,4
f4e68b61f480,4
f4ea2a2cfbb9,4
f531232ecb55,4
f549294e12e1,4
f55e1d2a19e4,4
f5650eb52640,4
f56ff0440ed1,4
f5733f77273d,4
f576e45d1da2,4
f57cf3b6f48e,4
f580566e27f5,4
f583a722434c,4
f58cdfa968be,4
f58d37d48e42,4
f58f0b2fd718,4
f5a8c6426a71,4
f5c953bee7cd,4
f5e6226bd2e0,4
f5e9a307288c,4
f61bf44c677c,4
f62b8a076833,4
f633c474e8b8,4
f64214bed40e,4
f64b6e85f1c9,4
f66c4ee86629,4
f68690db78d3,4
f69400b316a7,4
f69835dc7c50,4
f6d760566a51,4
f6f3ea0d2693,4
f6f433f3306f,4
f6f7dba7104d,4
f7116e7b2f4e,4
f71333204618,4
f71aca5a7dc3,4
f71bea807c96,4
f72adcac5638,4
f72ef9ceeaa8,4
f7508f14dd7b,4
f762c272c522,4
f7735b6d47f7,4
f7defe70afc3,4
f7e9fa75c7c1,4
f7edc074f06b,4
f7fec8935126,4
f80118bbda18,4
f819c65b803c,4
f8372e80f731,4
f850cb51fdba,4
f85c78201a50,4
f85fd4fac887,4
f86d1c404acb,4
f8cf7ed8ef00,4
f8d62557ad0c,4
f8f5942b690e,4
f8fc411092c7,4
f901d460517c,4
f90f8931a9bc,4
f9156aeffc5e,4
f91cfa82b9d4,4
f920ccd926db,4
f952ad2e4356,4
f994a3b07935,4
f999c6921e6d,4
f9aa35187bf3,4
f9d52509c571,4
f9d8ff3e6592,4
f9e1c439d4c8,4
f9e779a13204,4
f9ecf1795804,4
fa0c87bd75ce,4
fa3e544a7401,4
fa573163dd8b,4
fa59221cf464,4
fa6f3d8bb1d5,4
fa748b57262b,4
fa7fa797c650,4
fa9bece586fc,4
fa9f1bc03f21,4
fac399455195,4
fb1b8771c70a,4
fb61230b99dd,4
fb696a8e055a,4
fb6b8200b7f8,4
fb767cea406c,4
fb88783de055,4
fb88d23fc5fe,4
fba493e17448,4
fbcbc81cf9be,4
fbdc796290d4,4
fbfa925506f6,4
fc1b1841eadf,4
fc4c2d35c6f8,4
fc4d69128e7c,4
fc603cbedb41,4
fc782722a50c,4
fc898dfeb24f,4
fc8fce67fbf8,4
fca1a8738b8a,4
fca931da5c5e,4
fcc32dffd24d,4
fcc55ae641ae,4
fcc6aa6755e6,4
fce73678f650,4
fce93caa4758,4
fd079d2e93a2,4
fd0a70082e7c,4
fd48cf452e9d,4
fd4c946c52bf,4
fd62bd0db4f1,4
fd87b6b2e664,4
fda39982a810,4
fdbc252813b1,4
fdc685055659,4
fdd18ccbbdc5,4
fdd534271f3d,4
fe06dad6851c,4
fe0e2dee1834,4
fe0fc67c7980,4
fe2df69676cf,4
fe37f4492920,4
fe3b0e50be78,4
fe3f62695b2d,4
fe674c2f73f5,4
fea14b3d44b0,4
febfb20dc311,4
fecf4c5ae84b,4
fed5bb685832,4
fefded6bf135,4
ff03f74667df,4
ff0740cb484a,4
ff1e940105f9,4
ff344e5c9341,4
ff4832d55461,4
ff4955e76894,4
ff4cd992667b,4
ff52392372d3,4
ff59d44a70a7,4
ff631653374e,4
ff77e8e5b5f3,4
ff8a0b45c789,4
ffa47f6a7bf4,4
ffc04fed30e6,4
ffcf7b45f213,4
ffd97f8cd5aa,4
ffec9a18a3ce,4
